,accuracy,precision,recall,f1_score
0,0.9849872862168658,0.9851549511375772,0.9849872862168658,0.9849998768587155
