,accuracy,precision,recall,f1_score
0,0.9985022118499425,0.998504489889346,0.9985022118499425,0.9985025015131743
