,accuracy,precision,recall,f1_score
0,0.9985022118499425,0.9985045623809068,0.9985022118499425,0.9985024646103338
