,accuracy,precision,recall,f1_score
0,0.4472465080636734,0.438339663933104,0.4472465080636734,0.4334392468062018
