,accuracy,precision,recall,f1_score
0,0.44940610958236094,0.44078573117003017,0.44940610958236094,0.43627416697576776
