,accuracy,precision,recall,f1_score
0,0.9985022118499425,0.998503104246426,0.9985022118499425,0.9985022385454645
