,accuracy,precision,recall,f1_score
0,0.9985022118499425,0.9985032872580489,0.9985022118499425,0.9985021411851949
