,accuracy,precision,recall,f1_score
0,0.9985022118499425,0.9985026879080616,0.9985022118499425,0.9985022611595504
