,accuracy,precision,recall,f1_score
0,0.8834511825559929,0.8907142342195778,0.8834511825559929,0.8837785300489234
